{"cameraMode":{"drawMode":0,"name":"Shaded","section":"Shading Mode"},"sceneLighting":true,"audioPlay":false,"sceneViewState":{"showFog":true,"showMaterialUpdate":false,"showSkybox":true,"showFlares":true,"showImageEffects":true,"showParticleSystems":true},"in2DMode":false,"pivot":{"x":1.2878649234771729,"y":0.6384520530700684,"z":-1.2473599910736085},"rotation":{"x":0.14731170237064362,"y":-0.6272791028022766,"z":0.12274490296840668,"w":0.7551236748695374},"size":4.0578837394714359,"orthographic":false}